{
  "project_info": {
    "project_number": "143255054617",
    "project_id": "dos-game-cabae",
    "storage_bucket": "dos-game-cabae.appspot.com"
  },
  "client": [
    {
      "client_info": {
        "mobilesdk_app_id": "1:143255054617:android:59aa2a769a3f5c7a6e7d88",
        "android_client_info": {
          "package_name": "com.gigahard.dos"
        }
      },
      "oauth_client": [
        {
          "client_id": "143255054617-teja6kci20b67sv642b76p7rad6t7s2e.apps.googleusercontent.com",
          "client_type": 3
        }
      ],
      "api_key": [
        {
          "current_key": "AIzaSyATubBmOKvTA9XcHkyOnPw6N8SJa1daG9s"
        }
      ],
      "services": {
        "appinvite_service": {
          "other_platform_oauth_client": [
            {
              "client_id": "143255054617-teja6kci20b67sv642b76p7rad6t7s2e.apps.googleusercontent.com",
              "client_type": 3
            },
            {
              "client_id": "143255054617-h057f16um65f2b2obrr1a14u908mj545.apps.googleusercontent.com",
              "client_type": 2,
              "ios_info": {
                "bundle_id": "com.gigahard.dos"
              }
            }
          ]
        }
      }
    }
  ],
  "configuration_version": "1"
}